,Localidad,Provincia,rad_media,rad_media_scale,grupo_rad,precio_total_medio,precio_total_medio_sca,grupo_suelo,_merge,cluster,grupo_rad_code,grupo_suelo_code
0,Guadame,Málaga,155.36,0.89,"(0.79, 0.91]",244.56,0.6414210961167723,"(0.515, 1.0]",both,0,9,6
1,Puebla de Guzman,Huelva,158.56,0.95,"(0.91, 1.0]",149.18,0.3130680253373726,"(0.297, 0.357]",both,0,10,4
2,Huelva,Huelva,158.56,0.95,"(0.91, 1.0]",149.18,0.3130680253373726,"(0.297, 0.357]",both,0,10,4
3,Andújar,Jaén,154.98,0.88,"(0.79, 0.91]",127.23,0.23750344257780226,"(0.211, 0.297]",both,0,9,3
4,Carmona,Sevilla,157.92,0.94,"(0.91, 1.0]",162.3,0.358234646103002,"(0.357, 0.515]",both,0,10,5
5,Murcia,Murcia,150.17,0.79,"(0.73, 0.79]",192.88,0.4635086752960617,"(0.357, 0.515]",both,0,8,5
6,Alcolea,Almería,158.07,0.94,"(0.91, 1.0]",196.68,0.4765904709446434,"(0.357, 0.515]",both,0,10,5
7,San Juan del Puerto,Huelva,158.56,0.95,"(0.91, 1.0]",149.18,0.3130680253373726,"(0.297, 0.357]",both,0,10,4
8,Almodovar del Río,Córdoba,156.12,0.9,"(0.79, 0.91]",159.12,0.3472872486918204,"(0.297, 0.357]",both,0,9,4
9,Sevilla,Sevilla,157.92,0.94,"(0.91, 1.0]",162.3,0.358234646103002,"(0.357, 0.515]",both,0,10,5
10,Cartaya,Huelva,158.56,0.95,"(0.91, 1.0]",149.18,0.3130680253373726,"(0.297, 0.357]",both,0,10,4
11,Salteras,Sevilla,157.92,0.94,"(0.91, 1.0]",162.3,0.358234646103002,"(0.357, 0.515]",both,0,10,5
12,Punta Umbría,Huelva,158.56,0.95,"(0.91, 1.0]",149.18,0.3130680253373726,"(0.297, 0.357]",both,0,10,4
13,La Rábida,Huelva,158.56,0.95,"(0.91, 1.0]",149.18,0.3130680253373726,"(0.297, 0.357]",both,0,10,4
14,Santiponce,Sevilla,157.92,0.94,"(0.91, 1.0]",162.3,0.358234646103002,"(0.357, 0.515]",both,0,10,5
15,Valdezorras,Sevilla,157.92,0.94,"(0.91, 1.0]",162.3,0.358234646103002,"(0.357, 0.515]",both,0,10,5
16,Villanueva del Rey,Córdoba,156.12,0.9,"(0.79, 0.91]",159.12,0.3472872486918204,"(0.297, 0.357]",both,0,9,4
17,Olivares,Sevilla,157.92,0.94,"(0.91, 1.0]",162.3,0.358234646103002,"(0.357, 0.515]",both,0,10,5
18,Palos,Murcia,150.17,0.79,"(0.73, 0.79]",192.88,0.4635086752960617,"(0.357, 0.515]",both,0,8,5
19,Alcala de Guadaira,Sevilla,157.92,0.94,"(0.91, 1.0]",162.3,0.358234646103002,"(0.357, 0.515]",both,0,10,5
20,Aljarafe,Sevilla,157.92,0.94,"(0.91, 1.0]",162.3,0.358234646103002,"(0.357, 0.515]",both,0,10,5
21,Pilas,Sevilla,157.92,0.94,"(0.91, 1.0]",162.3,0.358234646103002,"(0.357, 0.515]",both,0,10,5
22,Entrenúcleos,Sevilla,157.92,0.94,"(0.91, 1.0]",162.3,0.358234646103002,"(0.357, 0.515]",both,0,10,5
23,Dos Hermanas,Sevilla,157.92,0.94,"(0.91, 1.0]",162.3,0.358234646103002,"(0.357, 0.515]",both,0,10,5
24,Almonte,Huelva,158.56,0.95,"(0.91, 1.0]",149.18,0.3130680253373726,"(0.297, 0.357]",both,0,10,4
25,Cabra,Córdoba,156.12,0.9,"(0.79, 0.91]",159.12,0.3472872486918204,"(0.297, 0.357]",both,0,9,4
26,Don Rodrigo,Sevilla,157.92,0.94,"(0.91, 1.0]",162.3,0.358234646103002,"(0.357, 0.515]",both,0,10,5
27,Archidona,Málaga,155.36,0.89,"(0.79, 0.91]",244.56,0.6414210961167723,"(0.515, 1.0]",both,0,9,6
28,Baza,Granada,156.73,0.91,"(0.79, 0.91]",137.85,0.2740636188377857,"(0.211, 0.297]",both,0,9,3
29,La Roda de Andalucía,Sevilla,157.92,0.94,"(0.91, 1.0]",162.3,0.358234646103002,"(0.357, 0.515]",both,0,10,5
30,Caparacena,Granada,156.73,0.91,"(0.79, 0.91]",137.85,0.2740636188377857,"(0.211, 0.297]",both,0,9,3
31,Lebrija,Sevilla,157.92,0.94,"(0.91, 1.0]",162.3,0.358234646103002,"(0.357, 0.515]",both,0,10,5
32,Pto. de Sta. Maria,Badajoz,149.5,0.78,"(0.73, 0.79]",103.73,0.15660286422473146,"(0.054, 0.161]",both,1,8,1
33,Arcos de la Frontera,Cádiz,161.37,1.0,"(0.91, 1.0]",196.7,0.4766593225006885,"(0.357, 0.515]",both,0,10,5
34,Illora,Granada,156.73,0.91,"(0.79, 0.91]",137.85,0.2740636188377857,"(0.211, 0.297]",both,0,9,3
35,El Fargue,Granada,156.73,0.91,"(0.79, 0.91]",137.85,0.2740636188377857,"(0.211, 0.297]",both,0,9,3
36,Atarfe,Granada,156.73,0.91,"(0.79, 0.91]",137.85,0.2740636188377857,"(0.211, 0.297]",both,0,9,3
37,Hueneja,Granada,156.73,0.91,"(0.79, 0.91]",137.85,0.2740636188377857,"(0.211, 0.297]",both,0,9,3
38,Antequera,Málaga,155.36,0.89,"(0.79, 0.91]",244.56,0.6414210961167723,"(0.515, 1.0]",both,0,9,6
39,Cartuja,Granada,156.73,0.91,"(0.79, 0.91]",137.85,0.2740636188377857,"(0.211, 0.297]",both,0,9,3
40,Las Gabias,Granada,156.73,0.91,"(0.79, 0.91]",137.85,0.2740636188377857,"(0.211, 0.297]",both,0,9,3
41,Jordana,Almería,158.07,0.94,"(0.91, 1.0]",196.68,0.4765904709446434,"(0.357, 0.515]",both,0,10,5
42,Cártama,Málaga,155.36,0.89,"(0.79, 0.91]",244.56,0.6414210961167723,"(0.515, 1.0]",both,0,9,6
43,Marbella,Málaga,155.36,0.89,"(0.79, 0.91]",244.56,0.6414210961167723,"(0.515, 1.0]",both,0,9,6
44,Tabernas,Almería,158.07,0.94,"(0.91, 1.0]",196.68,0.4765904709446434,"(0.357, 0.515]",both,0,10,5
45,Puerto Real,Cádiz,161.37,1.0,"(0.91, 1.0]",196.7,0.4766593225006885,"(0.357, 0.515]",both,0,10,5
46,Alcalá de los Gazules,Cádiz,161.37,1.0,"(0.91, 1.0]",196.7,0.4766593225006885,"(0.357, 0.515]",both,0,10,5
47,Benahavis,Málaga,155.36,0.89,"(0.79, 0.91]",244.56,0.6414210961167723,"(0.515, 1.0]",both,0,9,6
48,Orgiva,Granada,156.73,0.91,"(0.79, 0.91]",137.85,0.2740636188377857,"(0.211, 0.297]",both,0,9,3
49,Linares,Jaén,154.98,0.88,"(0.79, 0.91]",127.23,0.23750344257780226,"(0.211, 0.297]",both,0,9,3
50,Castellar de la Frontera,Cádiz,161.37,1.0,"(0.91, 1.0]",196.7,0.4766593225006885,"(0.357, 0.515]",both,0,10,5
51,Álhaurin,Málaga,155.36,0.89,"(0.79, 0.91]",244.56,0.6414210961167723,"(0.515, 1.0]",both,0,9,6
52,Berja,Almería,158.07,0.94,"(0.91, 1.0]",196.68,0.4765904709446434,"(0.357, 0.515]",both,0,10,5
53,Málaga,Málaga,155.36,0.89,"(0.79, 0.91]",244.56,0.6414210961167723,"(0.515, 1.0]",both,0,9,6
54,Benahadux,Almería,158.07,0.94,"(0.91, 1.0]",196.68,0.4765904709446434,"(0.357, 0.515]",both,0,10,5
55,Chiclana de la frontera,Cádiz,161.37,1.0,"(0.91, 1.0]",196.7,0.4766593225006885,"(0.357, 0.515]",both,0,10,5
56,Lérida,Lérida,144.98,0.7,"(0.66, 0.71]",134.22,0.261567061415588,"(0.211, 0.297]",both,1,6,3
57,Casares,Málaga,155.36,0.89,"(0.79, 0.91]",244.56,0.6414210961167723,"(0.515, 1.0]",both,0,9,6
58,Cádiz,Cádiz,161.37,1.0,"(0.91, 1.0]",196.7,0.4766593225006885,"(0.357, 0.515]",both,0,10,5
59,Facinas,Cádiz,161.37,1.0,"(0.91, 1.0]",196.7,0.4766593225006885,"(0.357, 0.515]",both,0,10,5
60,Barbate,Cádiz,161.37,1.0,"(0.91, 1.0]",196.7,0.4766593225006885,"(0.357, 0.515]",both,0,10,5
61,Algeciras,Cádiz,161.37,1.0,"(0.91, 1.0]",196.7,0.4766593225006885,"(0.357, 0.515]",both,0,10,5
62,Tarifa,Cádiz,161.37,1.0,"(0.91, 1.0]",196.7,0.4766593225006885,"(0.357, 0.515]",both,0,10,5
63,Los Barrios,Cádiz,161.37,1.0,"(0.91, 1.0]",196.7,0.4766593225006885,"(0.357, 0.515]",both,0,10,5
64,Jundiz,Álava,119.64,0.22,"(0.08, 0.27]",247.1,0.6501652437345085,"(0.515, 1.0]",both,2,1,6
65,Álava,Álava,119.64,0.22,"(0.08, 0.27]",247.1,0.6501652437345085,"(0.515, 1.0]",both,2,1,6
66,Orcoyen,Navarra,133.21,0.48,"(0.27, 0.6]",150.13,0.31633847424951805,"(0.297, 0.357]",both,1,2,4
67,Zangoza,Navarra,133.21,0.48,"(0.27, 0.6]",150.13,0.31633847424951805,"(0.297, 0.357]",both,1,2,4
68,Muruarte,Navarra,133.21,0.48,"(0.27, 0.6]",150.13,0.31633847424951805,"(0.297, 0.357]",both,1,2,4
69,Mélida,Navarra,133.21,0.48,"(0.27, 0.6]",150.13,0.31633847424951805,"(0.297, 0.357]",both,1,2,4
70,Miranda de Ebro,Burgos,130.73,0.43,"(0.27, 0.6]",82.94,0.08503167171578074,"(0.054, 0.161]",both,1,2,1
71,Haro,La Rioja,131.65,0.45,"(0.27, 0.6]",147.28,0.3065271275130818,"(0.297, 0.357]",both,1,2,4
72,Agoncillo,La Rioja,131.65,0.45,"(0.27, 0.6]",147.28,0.3065271275130818,"(0.297, 0.357]",both,1,2,4
73,Jaca,Huesca,145.05,0.7,"(0.66, 0.71]",112.42,0.18651886532635636,"(0.161, 0.211]",both,1,6,2
74,Tafalla,Navarra,133.21,0.48,"(0.27, 0.6]",150.13,0.31633847424951805,"(0.297, 0.357]",both,1,2,4
75,Logroño,La Rioja,131.65,0.45,"(0.27, 0.6]",147.28,0.3065271275130818,"(0.297, 0.357]",both,1,2,4
76,Sangúesa,Navarra,133.21,0.48,"(0.27, 0.6]",150.13,0.31633847424951805,"(0.297, 0.357]",both,1,2,4
77,Arrúbal,La Rioja,131.65,0.45,"(0.27, 0.6]",147.28,0.3065271275130818,"(0.297, 0.357]",both,1,2,4
78,Olite,Navarra,133.21,0.48,"(0.27, 0.6]",150.13,0.31633847424951805,"(0.297, 0.357]",both,1,2,4
79,Sabiñanigo,Huesca,145.05,0.7,"(0.66, 0.71]",112.42,0.18651886532635636,"(0.161, 0.211]",both,1,6,2
80,Biescas,Huesca,145.05,0.7,"(0.66, 0.71]",112.42,0.18651886532635636,"(0.161, 0.211]",both,1,6,2
81,Quel,La Rioja,131.65,0.45,"(0.27, 0.6]",147.28,0.3065271275130818,"(0.297, 0.357]",both,1,2,4
82,Calahorra,La Rioja,131.65,0.45,"(0.27, 0.6]",147.28,0.3065271275130818,"(0.297, 0.357]",both,1,2,4
83,Castejón,Cuenca,145.13,0.7,"(0.66, 0.71]",74.6,0.05632057284494629,"(0.054, 0.161]",both,1,6,1
84,Esquedas,Huesca,145.05,0.7,"(0.66, 0.71]",112.42,0.18651886532635636,"(0.161, 0.211]",both,1,6,2
85,Fiscal,Huesca,145.05,0.7,"(0.66, 0.71]",112.42,0.18651886532635636,"(0.161, 0.211]",both,1,6,2
86,Magaña,Soria,131.78,0.45,"(0.27, 0.6]",70.82,0.04330762875240976,"(-0.001, 0.054]",both,1,2,0
87,Tudela,Navarra,133.21,0.48,"(0.27, 0.6]",150.13,0.31633847424951805,"(0.297, 0.357]",both,1,2,4
88,Arguedas,Navarra,133.21,0.48,"(0.27, 0.6]",150.13,0.31633847424951805,"(0.297, 0.357]",both,1,2,4
89,Alcalá de Gurrea,Huesca,145.05,0.7,"(0.66, 0.71]",112.42,0.18651886532635636,"(0.161, 0.211]",both,1,6,2
90,Lanzas Agudas,Vizcaya,108.04,0.01,"(-0.001, 0.08]",267.98,0.7220462682456623,"(0.515, 1.0]",both,2,0,6
91,Gurrea de gallego,Huesca,145.05,0.7,"(0.66, 0.71]",112.42,0.18651886532635636,"(0.161, 0.211]",both,1,6,2
92,Cofita,Huesca,145.05,0.7,"(0.66, 0.71]",112.42,0.18651886532635636,"(0.161, 0.211]",both,1,6,2
93,Oncala,Soria,131.78,0.45,"(0.27, 0.6]",70.82,0.04330762875240976,"(-0.001, 0.054]",both,1,2,0
94,Almudévar,Huesca,145.05,0.7,"(0.66, 0.71]",112.42,0.18651886532635636,"(0.161, 0.211]",both,1,6,2
95,Trevago,Soria,131.78,0.45,"(0.27, 0.6]",70.82,0.04330762875240976,"(-0.001, 0.054]",both,1,2,0
96,Magallón,Zaragoza,143.32,0.66,"(0.64, 0.66]",159.18,0.347493803359956,"(0.297, 0.357]",both,1,5,4
97,Tardienta,Huesca,145.05,0.7,"(0.66, 0.71]",112.42,0.18651886532635636,"(0.161, 0.211]",both,1,6,2
98,Castro Urdiales,Cantabria,111.76,0.08,"(-0.001, 0.08]",119.77,0.2118218121729551,"(0.211, 0.297]",both,2,0,3
99,Moncayo,Soria,131.78,0.45,"(0.27, 0.6]",70.82,0.04330762875240976,"(-0.001, 0.054]",both,1,2,0
100,Monzón,Huesca,145.05,0.7,"(0.66, 0.71]",112.42,0.18651886532635636,"(0.161, 0.211]",both,1,6,2
101,Zuera,Zaragoza,143.32,0.66,"(0.64, 0.66]",159.18,0.347493803359956,"(0.297, 0.357]",both,1,5,4
102,Villanueva de Gallego,Zaragoza,143.32,0.66,"(0.64, 0.66]",159.18,0.347493803359956,"(0.297, 0.357]",both,1,5,4
103,Peñaflor de Gallego,Zaragoza,143.32,0.66,"(0.64, 0.66]",159.18,0.347493803359956,"(0.297, 0.357]",both,1,5,4
104,Rueda de Jalón,Zaragoza,143.32,0.66,"(0.64, 0.66]",159.18,0.347493803359956,"(0.297, 0.357]",both,1,5,4
105,Córdoba,Córdoba,156.12,0.9,"(0.79, 0.91]",159.12,0.3472872486918204,"(0.297, 0.357]",both,0,9,4
106,Binéfar,Huesca,145.05,0.7,"(0.66, 0.71]",112.42,0.18651886532635636,"(0.161, 0.211]",both,1,6,2
107,Almazan,Soria,131.78,0.45,"(0.27, 0.6]",70.82,0.04330762875240976,"(-0.001, 0.054]",both,1,2,0
108,Utebo,Zaragoza,143.32,0.66,"(0.64, 0.66]",159.18,0.347493803359956,"(0.297, 0.357]",both,1,5,4
109,Zaragoza,Zaragoza,143.32,0.66,"(0.64, 0.66]",159.18,0.347493803359956,"(0.297, 0.357]",both,1,5,4
110,Peñalba,Huesca,145.05,0.7,"(0.66, 0.71]",112.42,0.18651886532635636,"(0.161, 0.211]",both,1,6,2
111,Albatarrec,Lérida,144.98,0.7,"(0.66, 0.71]",134.22,0.261567061415588,"(0.211, 0.297]",both,1,6,3
112,Terrer,Zaragoza,143.32,0.66,"(0.64, 0.66]",159.18,0.347493803359956,"(0.297, 0.357]",both,1,5,4
113,Cariñena,Zaragoza,143.32,0.66,"(0.64, 0.66]",159.18,0.347493803359956,"(0.297, 0.357]",both,1,5,4
114,El Espartal,Madrid,147.07,0.73,"(0.71, 0.73]",348.72,1.0000000000000002,"(0.515, 1.0]",both,3,7,6
115,Medinaceli,Soria,131.78,0.45,"(0.27, 0.6]",70.82,0.04330762875240976,"(-0.001, 0.054]",both,1,2,0
116,Cadrete,Zaragoza,143.32,0.66,"(0.64, 0.66]",159.18,0.347493803359956,"(0.297, 0.357]",both,1,5,4
117,Torres del Segre,Lérida,144.98,0.7,"(0.66, 0.71]",134.22,0.261567061415588,"(0.211, 0.297]",both,1,6,3
118,Cabezo de San Roque,Huelva,158.56,0.95,"(0.91, 1.0]",149.18,0.3130680253373726,"(0.297, 0.357]",both,0,10,4
119,Pedrola,Zaragoza,143.32,0.66,"(0.64, 0.66]",159.18,0.347493803359956,"(0.297, 0.357]",both,1,5,4
120,Fuendetodos,Zaragoza,143.32,0.66,"(0.64, 0.66]",159.18,0.347493803359956,"(0.297, 0.357]",both,1,5,4
121,Belchite,Zaragoza,143.32,0.66,"(0.64, 0.66]",159.18,0.347493803359956,"(0.297, 0.357]",both,1,5,4
122,Hijar,Teruel,140.29,0.61,"(0.6, 0.62]",72.91,0.05050261635912967,"(-0.001, 0.054]",both,1,3,0
123,Mequinenza,Zaragoza,143.32,0.66,"(0.64, 0.66]",159.18,0.347493803359956,"(0.297, 0.357]",both,1,5,4
124,La Espluga,Lérida,144.98,0.7,"(0.66, 0.71]",134.22,0.261567061415588,"(0.211, 0.297]",both,1,6,3
125,Maials,Lérida,144.98,0.7,"(0.66, 0.71]",134.22,0.261567061415588,"(0.211, 0.297]",both,1,6,3
126,Muniesa,Teruel,140.29,0.61,"(0.6, 0.62]",72.91,0.05050261635912967,"(-0.001, 0.054]",both,1,3,0
127,Broto,Huesca,145.05,0.7,"(0.66, 0.71]",112.42,0.18651886532635636,"(0.161, 0.211]",both,1,6,2
128,Cullera,Valencia,141.86,0.64,"(0.62, 0.64]",207.02,0.5121867254199945,"(0.357, 0.515]",both,0,4,5
129,Sort,Lérida,144.98,0.7,"(0.66, 0.71]",134.22,0.261567061415588,"(0.211, 0.297]",both,1,6,3
130,Llavorsi,Lérida,144.98,0.7,"(0.66, 0.71]",134.22,0.261567061415588,"(0.211, 0.297]",both,1,6,3
131,Hospitalet,Barcelona,140.07,0.6,"(0.27, 0.6]",261.72,0.7004957312035254,"(0.515, 1.0]",both,3,2,6
132,Soriguera,Lérida,144.98,0.7,"(0.66, 0.71]",134.22,0.261567061415588,"(0.211, 0.297]",both,1,6,3
133,Utrera,Sevilla,157.92,0.94,"(0.91, 1.0]",162.3,0.358234646103002,"(0.357, 0.515]",both,0,10,5
134,Pobla dé Segur,Lérida,144.98,0.7,"(0.66, 0.71]",134.22,0.261567061415588,"(0.211, 0.297]",both,1,6,3
135,Adrall,Lérida,144.98,0.7,"(0.66, 0.71]",134.22,0.261567061415588,"(0.211, 0.297]",both,1,6,3
136,Corpa,Madrid,147.07,0.73,"(0.71, 0.73]",348.72,1.0000000000000002,"(0.515, 1.0]",both,3,7,6
137,Puente Genil,Córdoba,156.12,0.9,"(0.79, 0.91]",159.12,0.3472872486918204,"(0.297, 0.357]",both,0,9,4
138,Llogaia,Gerona,134.79,0.51,"(0.27, 0.6]",168.14,0.3783393004681905,"(0.357, 0.515]",both,1,2,5
139,Cercs,Barcelona,140.07,0.6,"(0.27, 0.6]",261.72,0.7004957312035254,"(0.515, 1.0]",both,3,2,6
140,Calders,Barcelona,140.07,0.6,"(0.27, 0.6]",261.72,0.7004957312035254,"(0.515, 1.0]",both,3,2,6
141,Vic,Barcelona,140.07,0.6,"(0.27, 0.6]",261.72,0.7004957312035254,"(0.515, 1.0]",both,3,2,6
142,Pujalt,Barcelona,140.07,0.6,"(0.27, 0.6]",261.72,0.7004957312035254,"(0.515, 1.0]",both,3,2,6
143,Can Vinyals,Barcelona,140.07,0.6,"(0.27, 0.6]",261.72,0.7004957312035254,"(0.515, 1.0]",both,3,2,6
144,Centelles,Barcelona,140.07,0.6,"(0.27, 0.6]",261.72,0.7004957312035254,"(0.515, 1.0]",both,3,2,6
145,Juia,Gerona,134.79,0.51,"(0.27, 0.6]",168.14,0.3783393004681905,"(0.357, 0.515]",both,1,2,5
146,Bescano,Gerona,134.79,0.51,"(0.27, 0.6]",168.14,0.3783393004681905,"(0.357, 0.515]",both,1,2,5
147,Rubí,Barcelona,140.07,0.6,"(0.27, 0.6]",261.72,0.7004957312035254,"(0.515, 1.0]",both,3,2,6
148,Anoia,Barcelona,140.07,0.6,"(0.27, 0.6]",261.72,0.7004957312035254,"(0.515, 1.0]",both,3,2,6
149,Sant Celoni,Barcelona,140.07,0.6,"(0.27, 0.6]",261.72,0.7004957312035254,"(0.515, 1.0]",both,3,2,6
150,Mangraners,Lérida,144.98,0.7,"(0.66, 0.71]",134.22,0.261567061415588,"(0.211, 0.297]",both,1,6,3
151,Mas Figueras,Barcelona,140.07,0.6,"(0.27, 0.6]",261.72,0.7004957312035254,"(0.515, 1.0]",both,3,2,6
152,Vallgorguina,Barcelona,140.07,0.6,"(0.27, 0.6]",261.72,0.7004957312035254,"(0.515, 1.0]",both,3,2,6
153,Riudarenes,Gerona,134.79,0.51,"(0.27, 0.6]",168.14,0.3783393004681905,"(0.357, 0.515]",both,1,2,5
154,Can Barba,Barcelona,140.07,0.6,"(0.27, 0.6]",261.72,0.7004957312035254,"(0.515, 1.0]",both,3,2,6
155,El Ventero,Zaragoza,143.32,0.66,"(0.64, 0.66]",159.18,0.347493803359956,"(0.297, 0.357]",both,1,5,4
156,Juneda,Lérida,144.98,0.7,"(0.66, 0.71]",134.22,0.261567061415588,"(0.211, 0.297]",both,1,6,3
157,Sabadell,Barcelona,140.07,0.6,"(0.27, 0.6]",261.72,0.7004957312035254,"(0.515, 1.0]",both,3,2,6
158,Sant Fost,Barcelona,140.07,0.6,"(0.27, 0.6]",261.72,0.7004957312035254,"(0.515, 1.0]",both,3,2,6
159,Alcarrás,Barcelona,140.07,0.6,"(0.27, 0.6]",261.72,0.7004957312035254,"(0.515, 1.0]",both,3,2,6
160,Vallirana,Barcelona,140.07,0.6,"(0.27, 0.6]",261.72,0.7004957312035254,"(0.515, 1.0]",both,3,2,6
161,Gramanet,Barcelona,140.07,0.6,"(0.27, 0.6]",261.72,0.7004957312035254,"(0.515, 1.0]",both,3,2,6
162,Can Jardi,Barcelona,140.07,0.6,"(0.27, 0.6]",261.72,0.7004957312035254,"(0.515, 1.0]",both,3,2,6
163,Puigpelat,Tarragona,140.71,0.62,"(0.6, 0.62]",135.93,0.26745386945744976,"(0.211, 0.297]",both,1,3,3
164,Barcelona,Barcelona,140.07,0.6,"(0.27, 0.6]",261.72,0.7004957312035254,"(0.515, 1.0]",both,3,2,6
165,Salou,Tarragona,140.71,0.62,"(0.6, 0.62]",135.93,0.26745386945744976,"(0.211, 0.297]",both,1,3,3
166,Riba Roja,Tarragona,140.71,0.62,"(0.6, 0.62]",135.93,0.26745386945744976,"(0.211, 0.297]",both,1,3,3
167,Selva,Gerona,134.79,0.51,"(0.27, 0.6]",168.14,0.3783393004681905,"(0.357, 0.515]",both,1,2,5
168,Begues,Barcelona,140.07,0.6,"(0.27, 0.6]",261.72,0.7004957312035254,"(0.515, 1.0]",both,3,2,6
169,Villaspesa,Teruel,140.29,0.61,"(0.6, 0.62]",72.91,0.05050261635912967,"(-0.001, 0.054]",both,1,3,0
170,Morella,Castellón,141.2,0.63,"(0.62, 0.64]",185.82,0.4392040760121178,"(0.357, 0.515]",both,0,4,5
171,Viladecans,Barcelona,140.07,0.6,"(0.27, 0.6]",261.72,0.7004957312035254,"(0.515, 1.0]",both,3,2,6
172,Teruel,Teruel,140.29,0.61,"(0.6, 0.62]",72.91,0.05050261635912967,"(-0.001, 0.054]",both,1,3,0
173,Villarquemado,Teruel,140.29,0.61,"(0.6, 0.62]",72.91,0.05050261635912967,"(-0.001, 0.054]",both,1,3,0
174,Ascó,Tarragona,140.71,0.62,"(0.6, 0.62]",135.93,0.26745386945744976,"(0.211, 0.297]",both,1,3,3
175,Cambrils,Tarragona,140.71,0.62,"(0.6, 0.62]",135.93,0.26745386945744976,"(0.211, 0.297]",both,1,3,3
176,Reus,Tarragona,140.71,0.62,"(0.6, 0.62]",135.93,0.26745386945744976,"(0.211, 0.297]",both,1,3,3
177,Berga,Barcelona,140.07,0.6,"(0.27, 0.6]",261.72,0.7004957312035254,"(0.515, 1.0]",both,3,2,6
178,Garraf,Barcelona,140.07,0.6,"(0.27, 0.6]",261.72,0.7004957312035254,"(0.515, 1.0]",both,3,2,6
179,Escucha,Teruel,140.29,0.61,"(0.6, 0.62]",72.91,0.05050261635912967,"(-0.001, 0.054]",both,1,3,0
180,Constanti,Tarragona,140.71,0.62,"(0.6, 0.62]",135.93,0.26745386945744976,"(0.211, 0.297]",both,1,3,3
181,Requejo,Zamora,140.72,0.62,"(0.6, 0.62]",58.24,0.0,"(-0.001, 0.054]",both,1,3,0
182,San Fernando de Henares,Madrid,147.07,0.73,"(0.71, 0.73]",348.72,1.0000000000000002,"(0.515, 1.0]",both,3,7,6
183,Campo Real,Madrid,147.07,0.73,"(0.71, 0.73]",348.72,1.0000000000000002,"(0.515, 1.0]",both,3,7,6
184,Valdeconejos,Teruel,140.29,0.61,"(0.6, 0.62]",72.91,0.05050261635912967,"(-0.001, 0.054]",both,1,3,0
185,Constantí,Tarragona,140.71,0.62,"(0.6, 0.62]",135.93,0.26745386945744976,"(0.211, 0.297]",both,1,3,3
187,Burriana,Castellón,141.2,0.63,"(0.62, 0.64]",185.82,0.4392040760121178,"(0.357, 0.515]",both,0,4,5
188,El Perelló,Tarragona,140.71,0.62,"(0.6, 0.62]",135.93,0.26745386945744976,"(0.211, 0.297]",both,1,3,3
189,Fuentes de la Alcarria,Guadalajara,143.82,0.67,"(0.66, 0.71]",113.46,0.190099146240705,"(0.161, 0.211]",both,1,6,2
190,Mezquita de Jarque,Teruel,140.29,0.61,"(0.6, 0.62]",72.91,0.05050261635912967,"(-0.001, 0.054]",both,1,3,0
191,Vila-Seca,Tarragona,140.71,0.62,"(0.6, 0.62]",135.93,0.26745386945744976,"(0.211, 0.297]",both,1,3,3
192,Anchuelo,Madrid,147.07,0.73,"(0.71, 0.73]",348.72,1.0000000000000002,"(0.515, 1.0]",both,3,7,6
193,Sacedón,Guadalajara,143.82,0.67,"(0.66, 0.71]",113.46,0.190099146240705,"(0.161, 0.211]",both,1,6,2
194,Vandellos,Tarragona,140.71,0.62,"(0.6, 0.62]",135.93,0.26745386945744976,"(0.211, 0.297]",both,1,3,3
195,Bolarque,Guadalajara,143.82,0.67,"(0.66, 0.71]",113.46,0.190099146240705,"(0.161, 0.211]",both,1,6,2
196,Loeches,Madrid,147.07,0.73,"(0.71, 0.73]",348.72,1.0000000000000002,"(0.515, 1.0]",both,3,7,6
197,Arganda del Rey,Madrid,147.07,0.73,"(0.71, 0.73]",348.72,1.0000000000000002,"(0.515, 1.0]",both,3,7,6
198,Benadresa,Castellón,141.2,0.63,"(0.62, 0.64]",185.82,0.4392040760121178,"(0.357, 0.515]",both,0,4,5
199,Estivella,Valencia,141.86,0.64,"(0.62, 0.64]",207.02,0.5121867254199945,"(0.357, 0.515]",both,0,4,5
200,Belinchón,Cuenca,145.13,0.7,"(0.66, 0.71]",74.6,0.05632057284494629,"(0.054, 0.161]",both,1,6,1
201,Almenara,Castellón,141.2,0.63,"(0.62, 0.64]",185.82,0.4392040760121178,"(0.357, 0.515]",both,0,4,5
202,Chilches,Castellón,141.2,0.63,"(0.62, 0.64]",185.82,0.4392040760121178,"(0.357, 0.515]",both,0,4,5
203,Morata de Tajuña,Madrid,147.07,0.73,"(0.71, 0.73]",348.72,1.0000000000000002,"(0.515, 1.0]",both,3,7,6
204,Segorbe,Castellón,141.2,0.63,"(0.62, 0.64]",185.82,0.4392040760121178,"(0.357, 0.515]",both,0,4,5
205,Almardá,Valencia,141.86,0.64,"(0.62, 0.64]",207.02,0.5121867254199945,"(0.357, 0.515]",both,0,4,5
206,Huelves,Cuenca,145.13,0.7,"(0.66, 0.71]",74.6,0.05632057284494629,"(0.054, 0.161]",both,1,6,1
207,Paredes,Cuenca,145.13,0.7,"(0.66, 0.71]",74.6,0.05632057284494629,"(0.054, 0.161]",both,1,6,1
208,Vall de Uxó,Castellón,141.2,0.63,"(0.62, 0.64]",185.82,0.4392040760121178,"(0.357, 0.515]",both,0,4,5
209,Villares del Saz,Cuenca,145.13,0.7,"(0.66, 0.71]",74.6,0.05632057284494629,"(0.054, 0.161]",both,1,6,1
210,Castellón,Castellón,141.2,0.63,"(0.62, 0.64]",185.82,0.4392040760121178,"(0.357, 0.515]",both,0,4,5
211,Puerto de Sagunto,Valencia,141.86,0.64,"(0.62, 0.64]",207.02,0.5121867254199945,"(0.357, 0.515]",both,0,4,5
212,Puentelarra,Álava,119.64,0.22,"(0.08, 0.27]",247.1,0.6501652437345085,"(0.515, 1.0]",both,2,1,6
213,Ribadelago,Zamora,140.72,0.62,"(0.6, 0.62]",58.24,0.0,"(-0.001, 0.054]",both,1,3,0
214,Quiroga,Lugo,116.32,0.16,"(0.08, 0.27]",86.93,0.09876755714679153,"(0.054, 0.161]",both,2,1,1
215,Lubián,Zamora,140.72,0.62,"(0.6, 0.62]",58.24,0.0,"(-0.001, 0.054]",both,1,3,0
216,Luengos,Salamanca,141.7,0.63,"(0.62, 0.64]",87.31,0.10007573671164965,"(0.054, 0.161]",both,1,4,1
217,Remesal,Zamora,140.72,0.62,"(0.6, 0.62]",58.24,0.0,"(-0.001, 0.054]",both,1,3,0
218,Cernadilla,Zamora,140.72,0.62,"(0.6, 0.62]",58.24,0.0,"(-0.001, 0.054]",both,1,3,0
219,Villalbilla,Madrid,147.07,0.73,"(0.71, 0.73]",348.72,1.0000000000000002,"(0.515, 1.0]",both,3,7,6
220,Alcocero de Mola,Burgos,130.73,0.43,"(0.27, 0.6]",82.94,0.08503167171578074,"(0.054, 0.161]",both,1,2,1
221,Villimar,Burgos,130.73,0.43,"(0.27, 0.6]",82.94,0.08503167171578074,"(0.054, 0.161]",both,1,2,1
222,Grijota,Palencia,138.43,0.57,"(0.27, 0.6]",65.21,0.023994767281740548,"(-0.001, 0.054]",both,1,2,0
223,Vallejera,Burgos,130.73,0.43,"(0.27, 0.6]",82.94,0.08503167171578074,"(0.054, 0.161]",both,1,2,1
224,Tábara,Zamora,140.72,0.62,"(0.6, 0.62]",58.24,0.0,"(-0.001, 0.054]",both,1,3,0
225,Palencia,Palencia,138.43,0.57,"(0.27, 0.6]",65.21,0.023994767281740548,"(-0.001, 0.054]",both,1,2,0
226,Cerrato,Málaga,155.36,0.89,"(0.79, 0.91]",244.56,0.6414210961167723,"(0.515, 1.0]",both,0,9,6
227,Castil de Peones,Burgos,130.73,0.43,"(0.27, 0.6]",82.94,0.08503167171578074,"(0.054, 0.161]",both,1,2,1
228,Alcañices,Zamora,140.72,0.62,"(0.6, 0.62]",58.24,0.0,"(-0.001, 0.054]",both,1,3,0
229,Ricobayo,Zamora,140.72,0.62,"(0.6, 0.62]",58.24,0.0,"(-0.001, 0.054]",both,1,3,0
230,La Mudarra,Valladolid,143.02,0.66,"(0.64, 0.66]",112.23,0.18586477554392727,"(0.161, 0.211]",both,1,5,2
231,Zaratan,Valladolid,143.02,0.66,"(0.64, 0.66]",112.23,0.18586477554392727,"(0.161, 0.211]",both,1,5,2
232,Renedo,Cantabria,111.76,0.08,"(-0.001, 0.08]",119.77,0.2118218121729551,"(0.211, 0.297]",both,2,0,3
233,Zamora,Zamora,140.72,0.62,"(0.6, 0.62]",58.24,0.0,"(-0.001, 0.054]",both,1,3,0
234,Valladolid,Valladolid,143.02,0.66,"(0.64, 0.66]",112.23,0.18586477554392727,"(0.161, 0.211]",both,1,5,2
235,Villalcampo,Zamora,140.72,0.62,"(0.6, 0.62]",58.24,0.0,"(-0.001, 0.054]",both,1,3,0
236,Tordesillas,Valladolid,143.02,0.66,"(0.64, 0.66]",112.23,0.18586477554392727,"(0.161, 0.211]",both,1,5,2
237,Valdecarretas,Salamanca,141.7,0.63,"(0.62, 0.64]",87.31,0.10007573671164965,"(0.054, 0.161]",both,1,4,1
238,Boecillo,Valladolid,143.02,0.66,"(0.64, 0.66]",112.23,0.18586477554392727,"(0.161, 0.211]",both,1,5,2
239,Villarino de los Aires,Salamanca,141.7,0.63,"(0.62, 0.64]",87.31,0.10007573671164965,"(0.054, 0.161]",both,1,4,1
240,Santiz,Salamanca,141.7,0.63,"(0.62, 0.64]",87.31,0.10007573671164965,"(0.054, 0.161]",both,1,4,1
241,Medina del Campo,Valladolid,143.02,0.66,"(0.64, 0.66]",112.23,0.18586477554392727,"(0.161, 0.211]",both,1,5,2
242,Olmedo,Valladolid,143.02,0.66,"(0.64, 0.66]",112.23,0.18586477554392727,"(0.161, 0.211]",both,1,5,2
243,Segovia,Segovia,135.46,0.52,"(0.27, 0.6]",73.06,0.05101900302946849,"(-0.001, 0.054]",both,1,2,0
244,Saucelle,Salamanca,141.7,0.63,"(0.62, 0.64]",87.31,0.10007573671164965,"(0.054, 0.161]",both,1,4,1
245,Villamayor,Salamanca,141.7,0.63,"(0.62, 0.64]",87.31,0.10007573671164965,"(0.054, 0.161]",both,1,4,1
246,Otero de Herreros,Segovia,135.46,0.52,"(0.27, 0.6]",73.06,0.05101900302946849,"(-0.001, 0.054]",both,1,2,0
247,Tres Cantos,Madrid,147.07,0.73,"(0.71, 0.73]",348.72,1.0000000000000002,"(0.515, 1.0]",both,3,7,6
248,Lastras del Pozo,Segovia,135.46,0.52,"(0.27, 0.6]",73.06,0.05101900302946849,"(-0.001, 0.054]",both,1,2,0
249,Algete,Madrid,147.07,0.73,"(0.71, 0.73]",348.72,1.0000000000000002,"(0.515, 1.0]",both,3,7,6
250,Fuente del Fresno,Madrid,147.07,0.73,"(0.71, 0.73]",348.72,1.0000000000000002,"(0.515, 1.0]",both,3,7,6
251,Alcobendas,Madrid,147.07,0.73,"(0.71, 0.73]",348.72,1.0000000000000002,"(0.515, 1.0]",both,3,7,6
252,Meco,Madrid,147.07,0.73,"(0.71, 0.73]",348.72,1.0000000000000002,"(0.515, 1.0]",both,3,7,6
253,San Sebastián de los Reyes,Madrid,147.07,0.73,"(0.71, 0.73]",348.72,1.0000000000000002,"(0.515, 1.0]",both,3,7,6
254,Navalmoral de la Mata,Cáceres,146.88,0.73,"(0.71, 0.73]",119.3,0.21020380060589366,"(0.161, 0.211]",both,1,7,2
255,Cedillo,Cáceres,146.88,0.73,"(0.71, 0.73]",119.3,0.21020380060589366,"(0.161, 0.211]",both,1,7,2
256,Casatejada,Cáceres,146.88,0.73,"(0.71, 0.73]",119.3,0.21020380060589366,"(0.161, 0.211]",both,1,7,2
257,Aranuelo,Cáceres,146.88,0.73,"(0.71, 0.73]",119.3,0.21020380060589366,"(0.161, 0.211]",both,1,7,2
258,Herrera de Alcántara,Cáceres,146.88,0.73,"(0.71, 0.73]",119.3,0.21020380060589366,"(0.161, 0.211]",both,1,7,2
259,Cañaveral,Cáceres,146.88,0.73,"(0.71, 0.73]",119.3,0.21020380060589366,"(0.161, 0.211]",both,1,7,2
260,Torrejón de Rubio,Cáceres,146.88,0.73,"(0.71, 0.73]",119.3,0.21020380060589366,"(0.161, 0.211]",both,1,7,2
261,Almaraz,Cáceres,146.88,0.73,"(0.71, 0.73]",119.3,0.21020380060589366,"(0.161, 0.211]",both,1,7,2
262,Valdecañas de Tajo,Cáceres,146.88,0.73,"(0.71, 0.73]",119.3,0.21020380060589366,"(0.161, 0.211]",both,1,7,2
263,Cáceres,Cáceres,146.88,0.73,"(0.71, 0.73]",119.3,0.21020380060589366,"(0.161, 0.211]",both,1,7,2
264,Aliseda,Cáceres,146.88,0.73,"(0.71, 0.73]",119.3,0.21020380060589366,"(0.161, 0.211]",both,1,7,2
265,Trujillo,Cáceres,146.88,0.73,"(0.71, 0.73]",119.3,0.21020380060589366,"(0.161, 0.211]",both,1,7,2
266,San Serván,Badajoz,149.5,0.78,"(0.73, 0.79]",103.73,0.15660286422473146,"(0.054, 0.161]",both,1,8,1
267,Carmonita,Badajoz,149.5,0.78,"(0.73, 0.79]",103.73,0.15660286422473146,"(0.054, 0.161]",both,1,8,1
268,Vaguadas,Badajoz,149.5,0.78,"(0.73, 0.79]",103.73,0.15660286422473146,"(0.054, 0.161]",both,1,8,1
269,Mérida,Badajoz,149.5,0.78,"(0.73, 0.79]",103.73,0.15660286422473146,"(0.054, 0.161]",both,1,8,1
270,Montijo,Badajoz,149.5,0.78,"(0.73, 0.79]",103.73,0.15660286422473146,"(0.054, 0.161]",both,1,8,1
271,Badajoz,Badajoz,149.5,0.78,"(0.73, 0.79]",103.73,0.15660286422473146,"(0.054, 0.161]",both,1,8,1
272,Gévora,Badajoz,149.5,0.78,"(0.73, 0.79]",103.73,0.15660286422473146,"(0.054, 0.161]",both,1,8,1
273,Bienvenida,Badajoz,149.5,0.78,"(0.73, 0.79]",103.73,0.15660286422473146,"(0.054, 0.161]",both,1,8,1
274,Brovales,Badajoz,149.5,0.78,"(0.73, 0.79]",103.73,0.15660286422473146,"(0.054, 0.161]",both,1,8,1
275,Xove,Lugo,116.32,0.16,"(0.08, 0.27]",86.93,0.09876755714679153,"(0.054, 0.161]",both,2,1,1
276,Fontao,Lugo,116.32,0.16,"(0.08, 0.27]",86.93,0.09876755714679153,"(0.054, 0.161]",both,2,1,1
277,Arteixo,La Coruña,114.48,0.13,"(0.08, 0.27]",118.56,0.20765629303222255,"(0.161, 0.211]",both,2,1,2
278,Oroso,La Coruña,114.48,0.13,"(0.08, 0.27]",118.56,0.20765629303222255,"(0.161, 0.211]",both,2,1,2
279,Eiris,Pontevedra,121.85,0.27,"(0.08, 0.27]",149.04,0.3125860644450564,"(0.297, 0.357]",both,2,1,4
280,Boimente,Lugo,116.32,0.16,"(0.08, 0.27]",86.93,0.09876755714679153,"(0.054, 0.161]",both,2,1,1
282,Meirama,La Coruña,114.48,0.13,"(0.08, 0.27]",118.56,0.20765629303222255,"(0.161, 0.211]",both,2,1,2
283,Lestedo,Lugo,116.32,0.16,"(0.08, 0.27]",86.93,0.09876755714679153,"(0.054, 0.161]",both,2,1,1
284,Sanzo,Asturias,109.06,0.03,"(-0.001, 0.08]",143.5,0.2935141834205453,"(0.211, 0.297]",both,2,0,3
285,Meson do Vento,La Coruña,114.48,0.13,"(0.08, 0.27]",118.56,0.20765629303222255,"(0.161, 0.211]",both,2,1,2
286,Mazaricos,La Coruña,114.48,0.13,"(0.08, 0.27]",118.56,0.20765629303222255,"(0.161, 0.211]",both,2,1,2
287,Pesoz,Asturias,109.06,0.03,"(-0.001, 0.08]",143.5,0.2935141834205453,"(0.211, 0.297]",both,2,0,3
288,Trasona,Asturias,109.06,0.03,"(-0.001, 0.08]",143.5,0.2935141834205453,"(0.211, 0.297]",both,2,0,3
289,Áviles,Asturias,109.06,0.03,"(-0.001, 0.08]",143.5,0.2935141834205453,"(0.211, 0.297]",both,2,0,3
290,Bertamiráns,La Coruña,114.48,0.13,"(0.08, 0.27]",118.56,0.20765629303222255,"(0.161, 0.211]",both,2,1,2
291,La Granda,Asturias,109.06,0.03,"(-0.001, 0.08]",143.5,0.2935141834205453,"(0.211, 0.297]",both,2,0,3
292,Perlora,Asturias,109.06,0.03,"(-0.001, 0.08]",143.5,0.2935141834205453,"(0.211, 0.297]",both,2,0,3
293,Santiago de Compostela,La Coruña,114.48,0.13,"(0.08, 0.27]",118.56,0.20765629303222255,"(0.161, 0.211]",both,2,1,2
294,Tineo,Asturias,109.06,0.03,"(-0.001, 0.08]",143.5,0.2935141834205453,"(0.211, 0.297]",both,2,0,3
295,Aboño,Asturias,109.06,0.03,"(-0.001, 0.08]",143.5,0.2935141834205453,"(0.211, 0.297]",both,2,0,3
296,Cangas de Narcea,Asturias,109.06,0.03,"(-0.001, 0.08]",143.5,0.2935141834205453,"(0.211, 0.297]",both,2,0,3
297,Lousame,La Coruña,114.48,0.13,"(0.08, 0.27]",118.56,0.20765629303222255,"(0.161, 0.211]",both,2,1,2
298,Portodemouros,La Coruña,114.48,0.13,"(0.08, 0.27]",118.56,0.20765629303222255,"(0.161, 0.211]",both,2,1,2
299,Ferreros,Asturias,109.06,0.03,"(-0.001, 0.08]",143.5,0.2935141834205453,"(0.211, 0.297]",both,2,0,3
300,Siero,Asturias,109.06,0.03,"(-0.001, 0.08]",143.5,0.2935141834205453,"(0.211, 0.297]",both,2,0,3
301,Padrón,La Coruña,114.48,0.13,"(0.08, 0.27]",118.56,0.20765629303222255,"(0.161, 0.211]",both,2,1,2
302,Cuntis,Pontevedra,121.85,0.27,"(0.08, 0.27]",149.04,0.3125860644450564,"(0.297, 0.357]",both,2,1,4
303,Silleda,Pontevedra,121.85,0.27,"(0.08, 0.27]",149.04,0.3125860644450564,"(0.297, 0.357]",both,2,1,4
304,Telledo,Asturias,109.06,0.03,"(-0.001, 0.08]",143.5,0.2935141834205453,"(0.211, 0.297]",both,2,0,3
305,Soto de Ribera,Asturias,109.06,0.03,"(-0.001, 0.08]",143.5,0.2935141834205453,"(0.211, 0.297]",both,2,0,3
306,Almazcara,León,139.68,0.6,"(0.27, 0.6]",63.82,0.019209584136601482,"(-0.001, 0.054]",both,1,2,0
307,Villablino,León,139.68,0.6,"(0.27, 0.6]",63.82,0.019209584136601482,"(-0.001, 0.054]",both,1,2,0
308,Langreo,Asturias,109.06,0.03,"(-0.001, 0.08]",143.5,0.2935141834205453,"(0.211, 0.297]",both,2,0,3
309,Ameixeiras,Pontevedra,121.85,0.27,"(0.08, 0.27]",149.04,0.3125860644450564,"(0.297, 0.357]",both,2,1,4
310,Chantada,Lugo,116.32,0.16,"(0.08, 0.27]",86.93,0.09876755714679153,"(0.054, 0.161]",both,2,1,1
311,Las Ondinas,León,139.68,0.6,"(0.27, 0.6]",63.82,0.019209584136601482,"(-0.001, 0.054]",both,1,2,0
312,Ferrol,La Coruña,114.48,0.13,"(0.08, 0.27]",118.56,0.20765629303222255,"(0.161, 0.211]",both,2,1,2
313,Lourizán,Pontevedra,121.85,0.27,"(0.08, 0.27]",149.04,0.3125860644450564,"(0.297, 0.357]",both,2,1,4
314,Anllares,La Coruña,114.48,0.13,"(0.08, 0.27]",118.56,0.20765629303222255,"(0.161, 0.211]",both,2,1,2
315,Pola de Gordón,León,139.68,0.6,"(0.27, 0.6]",63.82,0.019209584136601482,"(-0.001, 0.054]",both,1,2,0
316,Amoeiro,Orense,121.06,0.25,"(0.08, 0.27]",75.06,0.057904158633985126,"(0.054, 0.161]",both,2,1,1
317,Belesar,Lugo,116.32,0.16,"(0.08, 0.27]",86.93,0.09876755714679153,"(0.054, 0.161]",both,2,1,1
318,Villameca,León,139.68,0.6,"(0.27, 0.6]",63.82,0.019209584136601482,"(-0.001, 0.054]",both,1,2,0
319,Compostilla,León,139.68,0.6,"(0.27, 0.6]",63.82,0.019209584136601482,"(-0.001, 0.054]",both,1,2,0
320,Viloria,Valladolid,143.02,0.66,"(0.64, 0.66]",112.23,0.18586477554392727,"(0.161, 0.211]",both,1,5,2
321,Toreno,León,139.68,0.6,"(0.27, 0.6]",63.82,0.019209584136601482,"(-0.001, 0.054]",both,1,2,0
322,La Robla,León,139.68,0.6,"(0.27, 0.6]",63.82,0.019209584136601482,"(-0.001, 0.054]",both,1,2,0
323,Remolina,León,139.68,0.6,"(0.27, 0.6]",63.82,0.019209584136601482,"(-0.001, 0.054]",both,1,2,0
325,Redondela,Pontevedra,121.85,0.27,"(0.08, 0.27]",149.04,0.3125860644450564,"(0.297, 0.357]",both,2,1,4
326,La Lomba,Cantabria,111.76,0.08,"(-0.001, 0.08]",119.77,0.2118218121729551,"(0.211, 0.297]",both,2,0,3
327,Brañavieja,Cantabria,111.76,0.08,"(-0.001, 0.08]",119.77,0.2118218121729551,"(0.211, 0.297]",both,2,0,3
328,Cambados,Pontevedra,121.85,0.27,"(0.08, 0.27]",149.04,0.3125860644450564,"(0.297, 0.357]",both,2,1,4
329,Cartelle,Orense,121.06,0.25,"(0.08, 0.27]",75.06,0.057904158633985126,"(0.054, 0.161]",both,2,1,1
330,Carucedo,León,139.68,0.6,"(0.27, 0.6]",63.82,0.019209584136601482,"(-0.001, 0.054]",both,1,2,0
331,Herrera de Pisuerga,Palencia,138.43,0.57,"(0.27, 0.6]",65.21,0.023994767281740548,"(-0.001, 0.054]",both,1,2,0
332,Quereño,Orense,121.06,0.25,"(0.08, 0.27]",75.06,0.057904158633985126,"(0.054, 0.161]",both,2,1,1
333,Guardo,Palencia,138.43,0.57,"(0.27, 0.6]",65.21,0.023994767281740548,"(-0.001, 0.054]",both,1,2,0
334,Atios,Pontevedra,121.85,0.27,"(0.08, 0.27]",149.04,0.3125860644450564,"(0.297, 0.357]",both,2,1,4
335,Trives,Orense,121.06,0.25,"(0.08, 0.27]",75.06,0.057904158633985126,"(0.054, 0.161]",both,2,1,1
336,Montearenas,León,139.68,0.6,"(0.27, 0.6]",63.82,0.019209584136601482,"(-0.001, 0.054]",both,1,2,0
337,Cillamayor,Palencia,138.43,0.57,"(0.27, 0.6]",65.21,0.023994767281740548,"(-0.001, 0.054]",both,1,2,0
338,Montouto,Lugo,116.32,0.16,"(0.08, 0.27]",86.93,0.09876755714679153,"(0.054, 0.161]",both,2,1,1
339,Ponferrada,León,139.68,0.6,"(0.27, 0.6]",63.82,0.019209584136601482,"(-0.001, 0.054]",both,1,2,0
340,Vilecha,León,139.68,0.6,"(0.27, 0.6]",63.82,0.019209584136601482,"(-0.001, 0.054]",both,1,2,0
341,Quintela,Orense,121.06,0.25,"(0.08, 0.27]",75.06,0.057904158633985126,"(0.054, 0.161]",both,2,1,1
342,Puxedo,Orense,121.06,0.25,"(0.08, 0.27]",75.06,0.057904158633985126,"(0.054, 0.161]",both,2,1,1
343,Lobios,Orense,121.06,0.25,"(0.08, 0.27]",75.06,0.057904158633985126,"(0.054, 0.161]",both,2,1,1
344,Conso,Orense,121.06,0.25,"(0.08, 0.27]",75.06,0.057904158633985126,"(0.054, 0.161]",both,2,1,1
345,Bande,Orense,121.06,0.25,"(0.08, 0.27]",75.06,0.057904158633985126,"(0.054, 0.161]",both,2,1,1
346,Puebla de Sanabria,Zamora,140.72,0.62,"(0.6, 0.62]",58.24,0.0,"(-0.001, 0.054]",both,1,3,0
347,Lugo,Lugo,116.32,0.16,"(0.08, 0.27]",86.93,0.09876755714679153,"(0.054, 0.161]",both,2,1,1
348,Ludrio,Lugo,116.32,0.16,"(0.08, 0.27]",86.93,0.09876755714679153,"(0.054, 0.161]",both,2,1,1
349,Venta de la Ines,Ciudad Real,152.04,0.83,"(0.79, 0.91]",120.55,0.2145070228587166,"(0.211, 0.297]",both,1,9,3
350,Villaviciosa,Asturias,109.06,0.03,"(-0.001, 0.08]",143.5,0.2935141834205453,"(0.211, 0.297]",both,2,0,3
351,Alcorcón,Madrid,147.07,0.73,"(0.71, 0.73]",348.72,1.0000000000000002,"(0.515, 1.0]",both,3,7,6
352,Entrevías,Madrid,147.07,0.73,"(0.71, 0.73]",348.72,1.0000000000000002,"(0.515, 1.0]",both,3,7,6
353,Vallecas,Madrid,147.07,0.73,"(0.71, 0.73]",348.72,1.0000000000000002,"(0.515, 1.0]",both,3,7,6
354,Leganés,Madrid,147.07,0.73,"(0.71, 0.73]",348.72,1.0000000000000002,"(0.515, 1.0]",both,3,7,6
355,Villaverde,Madrid,147.07,0.73,"(0.71, 0.73]",348.72,1.0000000000000002,"(0.515, 1.0]",both,3,7,6
356,Arroyomolinos,Cáceres,146.88,0.73,"(0.71, 0.73]",119.3,0.21020380060589366,"(0.161, 0.211]",both,1,7,2
357,Valdemoro,Madrid,147.07,0.73,"(0.71, 0.73]",348.72,1.0000000000000002,"(0.515, 1.0]",both,3,7,6
358,Vilaverde,Lugo,116.32,0.16,"(0.08, 0.27]",86.93,0.09876755714679153,"(0.054, 0.161]",both,2,1,1
359,Pinto,Madrid,147.07,0.73,"(0.71, 0.73]",348.72,1.0000000000000002,"(0.515, 1.0]",both,3,7,6
360,Fregacedos,Madrid,147.07,0.73,"(0.71, 0.73]",348.72,1.0000000000000002,"(0.515, 1.0]",both,3,7,6
361,Fuenlabrada,Madrid,147.07,0.73,"(0.71, 0.73]",348.72,1.0000000000000002,"(0.515, 1.0]",both,3,7,6
362,Getafe,Madrid,147.07,0.73,"(0.71, 0.73]",348.72,1.0000000000000002,"(0.515, 1.0]",both,3,7,6
363,Navalcarnero,Madrid,147.07,0.73,"(0.71, 0.73]",348.72,1.0000000000000002,"(0.515, 1.0]",both,3,7,6
364,Parla,Madrid,147.07,0.73,"(0.71, 0.73]",348.72,1.0000000000000002,"(0.515, 1.0]",both,3,7,6
365,Buenavista,Salamanca,141.7,0.63,"(0.62, 0.64]",87.31,0.10007573671164965,"(0.054, 0.161]",both,1,4,1
366,Valdecaballeros,Badajoz,149.5,0.78,"(0.73, 0.79]",103.73,0.15660286422473146,"(0.054, 0.161]",both,1,8,1
367,Torrijos,Toledo,145.88,0.71,"(0.66, 0.71]",115.65,0.1976383916276508,"(0.161, 0.211]",both,1,6,2
368,Griñon,Madrid,147.07,0.73,"(0.71, 0.73]",348.72,1.0000000000000002,"(0.515, 1.0]",both,3,7,6
369,Los Pradillos,Toledo,145.88,0.71,"(0.66, 0.71]",115.65,0.1976383916276508,"(0.161, 0.211]",both,1,6,2
370,Añover de Tajo,Toledo,145.88,0.71,"(0.66, 0.71]",115.65,0.1976383916276508,"(0.161, 0.211]",both,1,6,2
371,Seseña,Toledo,145.88,0.71,"(0.66, 0.71]",115.65,0.1976383916276508,"(0.161, 0.211]",both,1,6,2
372,Madridejos,Toledo,145.88,0.71,"(0.66, 0.71]",115.65,0.1976383916276508,"(0.161, 0.211]",both,1,6,2
373,Carroyuelas,Toledo,145.88,0.71,"(0.66, 0.71]",115.65,0.1976383916276508,"(0.161, 0.211]",both,1,6,2
374,Ocaña,Toledo,145.88,0.71,"(0.66, 0.71]",115.65,0.1976383916276508,"(0.161, 0.211]",both,1,6,2
375,Yepes,Toledo,145.88,0.71,"(0.66, 0.71]",115.65,0.1976383916276508,"(0.161, 0.211]",both,1,6,2
376,Arenas de San Juan,Ciudad Real,152.04,0.83,"(0.79, 0.91]",120.55,0.2145070228587166,"(0.211, 0.297]",both,1,9,3
377,Picón,Ciudad Real,152.04,0.83,"(0.79, 0.91]",120.55,0.2145070228587166,"(0.211, 0.297]",both,1,9,3
378,Ciudad Real,Ciudad Real,152.04,0.83,"(0.79, 0.91]",120.55,0.2145070228587166,"(0.211, 0.297]",both,1,9,3
379,Tomelloso,Ciudad Real,152.04,0.83,"(0.79, 0.91]",120.55,0.2145070228587166,"(0.211, 0.297]",both,1,9,3
380,Alarcos,Ciudad Real,152.04,0.83,"(0.79, 0.91]",120.55,0.2145070228587166,"(0.211, 0.297]",both,1,9,3
381,Manzanares,Ciudad Real,152.04,0.83,"(0.79, 0.91]",120.55,0.2145070228587166,"(0.211, 0.297]",both,1,9,3
382,Valdepeñas,Ciudad Real,152.04,0.83,"(0.79, 0.91]",120.55,0.2145070228587166,"(0.211, 0.297]",both,1,9,3
383,Brazatortas,Ciudad Real,152.04,0.83,"(0.79, 0.91]",120.55,0.2145070228587166,"(0.211, 0.297]",both,1,9,3
384,La Solana,Ciudad Real,152.04,0.83,"(0.79, 0.91]",120.55,0.2145070228587166,"(0.211, 0.297]",both,1,9,3
385,Puertollano,Ciudad Real,152.04,0.83,"(0.79, 0.91]",120.55,0.2145070228587166,"(0.211, 0.297]",both,1,9,3
386,El Villar,Valencia,141.86,0.64,"(0.62, 0.64]",207.02,0.5121867254199945,"(0.357, 0.515]",both,0,4,5
387,Ólvega,Soria,131.78,0.45,"(0.27, 0.6]",70.82,0.04330762875240976,"(-0.001, 0.054]",both,1,2,0
388,Amazan,Asturias,109.06,0.03,"(-0.001, 0.08]",143.5,0.2935141834205453,"(0.211, 0.297]",both,2,0,3
389,San Sebastian de los Reyes,Madrid,147.07,0.73,"(0.71, 0.73]",348.72,1.0000000000000002,"(0.515, 1.0]",both,3,7,6
390,Galapagar,Madrid,147.07,0.73,"(0.71, 0.73]",348.72,1.0000000000000002,"(0.515, 1.0]",both,3,7,6
391,Daganzo,Madrid,147.07,0.73,"(0.71, 0.73]",348.72,1.0000000000000002,"(0.515, 1.0]",both,3,7,6
392,Villarejo de Salvanés,Madrid,147.07,0.73,"(0.71, 0.73]",348.72,1.0000000000000002,"(0.515, 1.0]",both,3,7,6
393,Majadahonda,Madrid,147.07,0.73,"(0.71, 0.73]",348.72,1.0000000000000002,"(0.515, 1.0]",both,3,7,6
394,Fuencarral,Madrid,147.07,0.73,"(0.71, 0.73]",348.72,1.0000000000000002,"(0.515, 1.0]",both,3,7,6
395,Ventillas,Madrid,147.07,0.73,"(0.71, 0.73]",348.72,1.0000000000000002,"(0.515, 1.0]",both,3,7,6
396,Mirasierra,Madrid,147.07,0.73,"(0.71, 0.73]",348.72,1.0000000000000002,"(0.515, 1.0]",both,3,7,6
397,Sanchinarro,Madrid,147.07,0.73,"(0.71, 0.73]",348.72,1.0000000000000002,"(0.515, 1.0]",both,3,7,6
398,Barajas,Madrid,147.07,0.73,"(0.71, 0.73]",348.72,1.0000000000000002,"(0.515, 1.0]",both,3,7,6
399,Aravaca,Madrid,147.07,0.73,"(0.71, 0.73]",348.72,1.0000000000000002,"(0.515, 1.0]",both,3,7,6
400,Hortaleza,Madrid,147.07,0.73,"(0.71, 0.73]",348.72,1.0000000000000002,"(0.515, 1.0]",both,3,7,6
401,Trillo,Guadalajara,143.82,0.67,"(0.66, 0.71]",113.46,0.190099146240705,"(0.161, 0.211]",both,1,6,2
402,Calamocha,Teruel,140.29,0.61,"(0.6, 0.62]",72.91,0.05050261635912967,"(-0.001, 0.054]",both,1,3,0
403,Villanueva del Pardillo,Madrid,147.07,0.73,"(0.71, 0.73]",348.72,1.0000000000000002,"(0.515, 1.0]",both,3,7,6
404,Coslada,Madrid,147.07,0.73,"(0.71, 0.73]",348.72,1.0000000000000002,"(0.515, 1.0]",both,3,7,6
405,Vicálvaro,Madrid,147.07,0.73,"(0.71, 0.73]",348.72,1.0000000000000002,"(0.515, 1.0]",both,3,7,6
406,Madrid,Madrid,147.07,0.73,"(0.71, 0.73]",348.72,1.0000000000000002,"(0.515, 1.0]",both,3,7,6
407,Azután,Toledo,145.88,0.71,"(0.66, 0.71]",115.65,0.1976383916276508,"(0.161, 0.211]",both,1,6,2
408,Somosaguas,Madrid,147.07,0.73,"(0.71, 0.73]",348.72,1.0000000000000002,"(0.515, 1.0]",both,3,7,6
409,Villaviciosa de Odón,Madrid,147.07,0.73,"(0.71, 0.73]",348.72,1.0000000000000002,"(0.515, 1.0]",both,3,7,6
410,Simancas,Valladolid,143.02,0.66,"(0.64, 0.66]",112.23,0.18586477554392727,"(0.161, 0.211]",both,1,5,2
411,Boadilla del Monte,Madrid,147.07,0.73,"(0.71, 0.73]",348.72,1.0000000000000002,"(0.515, 1.0]",both,3,7,6
412,Móstoles,Madrid,147.07,0.73,"(0.71, 0.73]",348.72,1.0000000000000002,"(0.515, 1.0]",both,3,7,6
413,Mejorada del Campo,Madrid,147.07,0.73,"(0.71, 0.73]",348.72,1.0000000000000002,"(0.515, 1.0]",both,3,7,6
414,Canillejas,Madrid,147.07,0.73,"(0.71, 0.73]",348.72,1.0000000000000002,"(0.515, 1.0]",both,3,7,6
415,Talavera de la Reina,Toledo,145.88,0.71,"(0.66, 0.71]",115.65,0.1976383916276508,"(0.161, 0.211]",both,1,6,2
416,Villa de Vallecas,Madrid,147.07,0.73,"(0.71, 0.73]",348.72,1.0000000000000002,"(0.515, 1.0]",both,3,7,6
417,Moratalaz,Madrid,147.07,0.73,"(0.71, 0.73]",348.72,1.0000000000000002,"(0.515, 1.0]",both,3,7,6
418,Aldeadávila de la Ribera,Salamanca,141.7,0.63,"(0.62, 0.64]",87.31,0.10007573671164965,"(0.054, 0.161]",both,1,4,1
419,La Hinojosa,Cuenca,145.13,0.7,"(0.66, 0.71]",74.6,0.05632057284494629,"(0.054, 0.161]",both,1,6,1
420,Ciudad Rodrigo,Salamanca,141.7,0.63,"(0.62, 0.64]",87.31,0.10007573671164965,"(0.054, 0.161]",both,1,4,1
421,Jarilla,Cáceres,146.88,0.73,"(0.71, 0.73]",119.3,0.21020380060589366,"(0.161, 0.211]",both,1,7,2
422,Oliva de Plasencia,Cáceres,146.88,0.73,"(0.71, 0.73]",119.3,0.21020380060589366,"(0.161, 0.211]",both,1,7,2
423,Plasencia,Cáceres,146.88,0.73,"(0.71, 0.73]",119.3,0.21020380060589366,"(0.161, 0.211]",both,1,7,2
424,Sagunto,Valencia,141.86,0.64,"(0.62, 0.64]",207.02,0.5121867254199945,"(0.357, 0.515]",both,0,4,5
425,Minglanilla,Cuenca,145.13,0.7,"(0.66, 0.71]",74.6,0.05632057284494629,"(0.054, 0.161]",both,1,6,1
426,La Eliana,Valencia,141.86,0.64,"(0.62, 0.64]",207.02,0.5121867254199945,"(0.357, 0.515]",both,0,4,5
427,Bétera,Valencia,141.86,0.64,"(0.62, 0.64]",207.02,0.5121867254199945,"(0.357, 0.515]",both,0,4,5
428,Morvedre,Valencia,141.86,0.64,"(0.62, 0.64]",207.02,0.5121867254199945,"(0.357, 0.515]",both,0,4,5
429,Requena,Valencia,141.86,0.64,"(0.62, 0.64]",207.02,0.5121867254199945,"(0.357, 0.515]",both,0,4,5
430,Paterna,Valencia,141.86,0.64,"(0.62, 0.64]",207.02,0.5121867254199945,"(0.357, 0.515]",both,0,4,5
431,Beniferri,Valencia,141.86,0.64,"(0.62, 0.64]",207.02,0.5121867254199945,"(0.357, 0.515]",both,0,4,5
432,Loriguilla,Valencia,141.86,0.64,"(0.62, 0.64]",207.02,0.5121867254199945,"(0.357, 0.515]",both,0,4,5
433,Foios,Valencia,141.86,0.64,"(0.62, 0.64]",207.02,0.5121867254199945,"(0.357, 0.515]",both,0,4,5
434,Godelleta,Valencia,141.86,0.64,"(0.62, 0.64]",207.02,0.5121867254199945,"(0.357, 0.515]",both,0,4,5
435,Aldaya,Valencia,141.86,0.64,"(0.62, 0.64]",207.02,0.5121867254199945,"(0.357, 0.515]",both,0,4,5
436,Torrente,Valencia,141.86,0.64,"(0.62, 0.64]",207.02,0.5121867254199945,"(0.357, 0.515]",both,0,4,5
437,Sedaví,Valencia,141.86,0.64,"(0.62, 0.64]",207.02,0.5121867254199945,"(0.357, 0.515]",both,0,4,5
438,Paiporta,Valencia,141.86,0.64,"(0.62, 0.64]",207.02,0.5121867254199945,"(0.357, 0.515]",both,0,4,5
439,Albal,Valencia,141.86,0.64,"(0.62, 0.64]",207.02,0.5121867254199945,"(0.357, 0.515]",both,0,4,5
440,Almansa,Albacete,152.06,0.83,"(0.79, 0.91]",102.91,0.15377995042687964,"(0.054, 0.161]",both,1,9,1
441,Albacete,Albacete,152.06,0.83,"(0.79, 0.91]",102.91,0.15377995042687964,"(0.054, 0.161]",both,1,9,1
442,Llombay,Valencia,141.86,0.64,"(0.62, 0.64]",207.02,0.5121867254199945,"(0.357, 0.515]",both,0,4,5
443,Benicull,Valencia,141.86,0.64,"(0.62, 0.64]",207.02,0.5121867254199945,"(0.357, 0.515]",both,0,4,5
444,Carlet,Valencia,141.86,0.64,"(0.62, 0.64]",207.02,0.5121867254199945,"(0.357, 0.515]",both,0,4,5
445,Catadau,Valencia,141.86,0.64,"(0.62, 0.64]",207.02,0.5121867254199945,"(0.357, 0.515]",both,0,4,5
446,Valencia,Valencia,141.86,0.64,"(0.62, 0.64]",207.02,0.5121867254199945,"(0.357, 0.515]",both,0,4,5
447,Alcira,Valencia,141.86,0.64,"(0.62, 0.64]",207.02,0.5121867254199945,"(0.357, 0.515]",both,0,4,5
448,Montesa,Valencia,141.86,0.64,"(0.62, 0.64]",207.02,0.5121867254199945,"(0.357, 0.515]",both,0,4,5
449,Ayora,Valencia,141.86,0.64,"(0.62, 0.64]",207.02,0.5121867254199945,"(0.357, 0.515]",both,0,4,5
450,Valldigna,Valencia,141.86,0.64,"(0.62, 0.64]",207.02,0.5121867254199945,"(0.357, 0.515]",both,0,4,5
451,Xeraco,Valencia,141.86,0.64,"(0.62, 0.64]",207.02,0.5121867254199945,"(0.357, 0.515]",both,0,4,5
452,Castalla,Alicante,149.88,0.79,"(0.73, 0.79]",209.12,0.5194161388047369,"(0.515, 1.0]",both,0,8,6
453,Gandia,Valencia,141.86,0.64,"(0.62, 0.64]",207.02,0.5121867254199945,"(0.357, 0.515]",both,0,4,5
454,Sancho Llop,Valencia,141.86,0.64,"(0.62, 0.64]",207.02,0.5121867254199945,"(0.357, 0.515]",both,0,4,5
455,Benejama,Valencia,141.86,0.64,"(0.62, 0.64]",207.02,0.5121867254199945,"(0.357, 0.515]",both,0,4,5
456,Caudete,Albacete,152.06,0.83,"(0.79, 0.91]",102.91,0.15377995042687964,"(0.054, 0.161]",both,1,9,1
457,Villena,Alicante,149.88,0.79,"(0.73, 0.79]",209.12,0.5194161388047369,"(0.515, 1.0]",both,0,8,6
458,Benidorm,Alicante,149.88,0.79,"(0.73, 0.79]",209.12,0.5194161388047369,"(0.515, 1.0]",both,0,8,6
459,Novelda,Alicante,149.88,0.79,"(0.73, 0.79]",209.12,0.5194161388047369,"(0.515, 1.0]",both,0,8,6
460,Xixona,Alicante,149.88,0.79,"(0.73, 0.79]",209.12,0.5194161388047369,"(0.515, 1.0]",both,0,8,6
461,Cantalar,Alicante,149.88,0.79,"(0.73, 0.79]",209.12,0.5194161388047369,"(0.515, 1.0]",both,0,8,6
462,Monforte del Cid,Alicante,149.88,0.79,"(0.73, 0.79]",209.12,0.5194161388047369,"(0.515, 1.0]",both,0,8,6
463,San Vicente del Raspeig,Alicante,149.88,0.79,"(0.73, 0.79]",209.12,0.5194161388047369,"(0.515, 1.0]",both,0,8,6
464,El Palmeral,Alicante,149.88,0.79,"(0.73, 0.79]",209.12,0.5194161388047369,"(0.515, 1.0]",both,0,8,6
465,Elche,Alicante,149.88,0.79,"(0.73, 0.79]",209.12,0.5194161388047369,"(0.515, 1.0]",both,0,8,6
466,Rojales,Alicante,149.88,0.79,"(0.73, 0.79]",209.12,0.5194161388047369,"(0.515, 1.0]",both,0,8,6
467,Santa Pola,Alicante,149.88,0.79,"(0.73, 0.79]",209.12,0.5194161388047369,"(0.515, 1.0]",both,0,8,6
468,Totana,Murcia,150.17,0.79,"(0.73, 0.79]",192.88,0.4635086752960617,"(0.357, 0.515]",both,0,8,5
469,Torrevieja,Alicante,149.88,0.79,"(0.73, 0.79]",209.12,0.5194161388047369,"(0.515, 1.0]",both,0,8,6
470,Torremendo,Alicante,149.88,0.79,"(0.73, 0.79]",209.12,0.5194161388047369,"(0.515, 1.0]",both,0,8,6
471,Orihuela,Alicante,149.88,0.79,"(0.73, 0.79]",209.12,0.5194161388047369,"(0.515, 1.0]",both,0,8,6
472,Los López,Alicante,149.88,0.79,"(0.73, 0.79]",209.12,0.5194161388047369,"(0.515, 1.0]",both,0,8,6
473,Dehesa de Campoamor,Alicante,149.88,0.79,"(0.73, 0.79]",209.12,0.5194161388047369,"(0.515, 1.0]",both,0,8,6
474,Balsicas,Murcia,150.17,0.79,"(0.73, 0.79]",192.88,0.4635086752960617,"(0.357, 0.515]",both,0,8,5
475,San Pedro del Pinatar,Murcia,150.17,0.79,"(0.73, 0.79]",192.88,0.4635086752960617,"(0.357, 0.515]",both,0,8,5
476,Lorca,Murcia,150.17,0.79,"(0.73, 0.79]",192.88,0.4635086752960617,"(0.357, 0.515]",both,0,8,5
477,El Algar,Murcia,150.17,0.79,"(0.73, 0.79]",192.88,0.4635086752960617,"(0.357, 0.515]",both,0,8,5
478,Escombreras,Murcia,150.17,0.79,"(0.73, 0.79]",192.88,0.4635086752960617,"(0.357, 0.515]",both,0,8,5
479,Tentegorra,Murcia,150.17,0.79,"(0.73, 0.79]",192.88,0.4635086752960617,"(0.357, 0.515]",both,0,8,5
480,Águilas,Murcia,150.17,0.79,"(0.73, 0.79]",192.88,0.4635086752960617,"(0.357, 0.515]",both,0,8,5
481,Litoral de Almeria,Almería,158.07,0.94,"(0.91, 1.0]",196.68,0.4765904709446434,"(0.357, 0.515]",both,0,10,5
482,Cacicedo,Cantabria,111.76,0.08,"(-0.001, 0.08]",119.77,0.2118218121729551,"(0.211, 0.297]",both,2,0,3
483,Sniace,Cantabria,111.76,0.08,"(-0.001, 0.08]",119.77,0.2118218121729551,"(0.211, 0.297]",both,2,0,3
484,Aceriasa,Cantabria,111.76,0.08,"(-0.001, 0.08]",119.77,0.2118218121729551,"(0.211, 0.297]",both,2,0,3
485,El Astillero,Cantabria,111.76,0.08,"(-0.001, 0.08]",119.77,0.2118218121729551,"(0.211, 0.297]",both,2,0,3
486,Santoña,Cantabria,111.76,0.08,"(-0.001, 0.08]",119.77,0.2118218121729551,"(0.211, 0.297]",both,2,0,3
487,Penagos,Cantabria,111.76,0.08,"(-0.001, 0.08]",119.77,0.2118218121729551,"(0.211, 0.297]",both,2,0,3
488,Santurtzi,Vizcaya,108.04,0.01,"(-0.001, 0.08]",267.98,0.7220462682456623,"(0.515, 1.0]",both,2,0,6
489,Ortuella,Vizcaya,108.04,0.01,"(-0.001, 0.08]",267.98,0.7220462682456623,"(0.515, 1.0]",both,2,0,6
490,La Penilla,Cantabria,111.76,0.08,"(-0.001, 0.08]",119.77,0.2118218121729551,"(0.211, 0.297]",both,2,0,3
491,Abanto,Zaragoza,143.32,0.66,"(0.64, 0.66]",159.18,0.347493803359956,"(0.297, 0.357]",both,1,5,4
492,Gatika,Vizcaya,108.04,0.01,"(-0.001, 0.08]",267.98,0.7220462682456623,"(0.515, 1.0]",both,2,0,6
493,Udalla,Cantabria,111.76,0.08,"(-0.001, 0.08]",119.77,0.2118218121729551,"(0.211, 0.297]",both,2,0,3
496,Zamudio,Vizcaya,108.04,0.01,"(-0.001, 0.08]",267.98,0.7220462682456623,"(0.515, 1.0]",both,2,0,6
498,Mataporquera,Cantabria,111.76,0.08,"(-0.001, 0.08]",119.77,0.2118218121729551,"(0.211, 0.297]",both,2,0,3
499,Amorebieta,Vizcaya,108.04,0.01,"(-0.001, 0.08]",267.98,0.7220462682456623,"(0.515, 1.0]",both,2,0,6
501,Ayala,Álava,119.64,0.22,"(0.08, 0.27]",247.1,0.6501652437345085,"(0.515, 1.0]",both,2,1,6
502,Sidenor,Vizcaya,108.04,0.01,"(-0.001, 0.08]",267.98,0.7220462682456623,"(0.515, 1.0]",both,2,0,6
504,Virtus,Burgos,130.73,0.43,"(0.27, 0.6]",82.94,0.08503167171578074,"(0.054, 0.161]",both,1,2,1
505,Abadiano,Vizcaya,108.04,0.01,"(-0.001, 0.08]",267.98,0.7220462682456623,"(0.515, 1.0]",both,2,0,6
508,Nervión,Sevilla,157.92,0.94,"(0.91, 1.0]",162.3,0.358234646103002,"(0.357, 0.515]",both,0,10,5
509,Itxaso,Vizcaya,108.04,0.01,"(-0.001, 0.08]",267.98,0.7220462682456623,"(0.515, 1.0]",both,2,0,6
511,Orduña,Vizcaya,108.04,0.01,"(-0.001, 0.08]",267.98,0.7220462682456623,"(0.515, 1.0]",both,2,0,6
512,Elgea,Álava,119.64,0.22,"(0.08, 0.27]",247.1,0.6501652437345085,"(0.515, 1.0]",both,2,1,6
513,Izarra,Álava,119.64,0.22,"(0.08, 0.27]",247.1,0.6501652437345085,"(0.515, 1.0]",both,2,1,6
514,Vitoria Gasteiz,Álava,119.64,0.22,"(0.08, 0.27]",247.1,0.6501652437345085,"(0.515, 1.0]",both,2,1,6
515,Herrera,Sevilla,157.92,0.94,"(0.91, 1.0]",162.3,0.358234646103002,"(0.357, 0.515]",both,0,10,5
516,Pobes,Álava,119.64,0.22,"(0.08, 0.27]",247.1,0.6501652437345085,"(0.515, 1.0]",both,2,1,6
517,Gardelegui,Álava,119.64,0.22,"(0.08, 0.27]",247.1,0.6501652437345085,"(0.515, 1.0]",both,2,1,6
518,Villarcayo,Burgos,130.73,0.43,"(0.27, 0.6]",82.94,0.08503167171578074,"(0.054, 0.161]",both,1,2,1
519,Pamplona,Navarra,133.21,0.48,"(0.27, 0.6]",150.13,0.31633847424951805,"(0.297, 0.357]",both,1,2,4
520,Balmaseda,Vizcaya,108.04,0.01,"(-0.001, 0.08]",267.98,0.7220462682456623,"(0.515, 1.0]",both,2,0,6
521,Alsasua,Navarra,133.21,0.48,"(0.27, 0.6]",150.13,0.31633847424951805,"(0.297, 0.357]",both,1,2,4
522,Sallent de Gallego,Huesca,145.05,0.7,"(0.66, 0.71]",112.42,0.18651886532635636,"(0.161, 0.211]",both,1,6,2
523,Medina de Pomar,Burgos,130.73,0.43,"(0.27, 0.6]",82.94,0.08503167171578074,"(0.054, 0.161]",both,1,2,1
524,Linares,Jaén,154.98,0.88,"(0.79, 0.91]",127.23,0.23750344257780226,"(0.211, 0.297]",both,0,9,3
525,Muskiz,Vizcaya,108.04,0.01,"(-0.001, 0.08]",267.98,0.7220462682456623,"(0.515, 1.0]",both,2,0,6
526,Reinosa,Cantabria,111.76,0.08,"(-0.001, 0.08]",119.77,0.2118218121729551,"(0.211, 0.297]",both,2,0,3
527,Pesquera,Cantabria,111.76,0.08,"(-0.001, 0.08]",119.77,0.2118218121729551,"(0.211, 0.297]",both,2,0,3
528,Els Aubals,Tarragona,140.71,0.62,"(0.6, 0.62]",135.93,0.26745386945744976,"(0.211, 0.297]",both,1,3,3
529,Tarragona,Tarragona,140.71,0.62,"(0.6, 0.62]",135.93,0.26745386945744976,"(0.211, 0.297]",both,1,3,3
530,Alcañiz,Teruel,140.29,0.61,"(0.6, 0.62]",72.91,0.05050261635912967,"(-0.001, 0.054]",both,1,3,0
531,Bellissens,Tarragona,140.71,0.62,"(0.6, 0.62]",135.93,0.26745386945744976,"(0.211, 0.297]",both,1,3,3
532,Lodosa,Navarra,133.21,0.48,"(0.27, 0.6]",150.13,0.31633847424951805,"(0.297, 0.357]",both,1,2,4
533,Boluaga,Vizcaya,108.04,0.01,"(-0.001, 0.08]",267.98,0.7220462682456623,"(0.515, 1.0]",both,2,0,6
